Labeled Data,External ID
https://firebasestorage.googleapis.com/v0/b/labelbox-193903.appspot.com/o/cjhnk51rtqdvl07027euklbel%2F98446a0e-9200-4fec-a0ef-15b99253e600%2Fa.jpg?alt=media&token=156509b0-7e22-4956-ada9-48595dc0fc2d,a.jpg
https://firebasestorage.googleapis.com/v0/b/labelbox-193903.appspot.com/o/cjhnk51rtqdvl07027euklbel%2F98446a0e-9200-4fec-a0ef-15b99253e600%2Fb.jpg?alt=media&token=00997a40-7faa-40fa-b31b-15fb5f174098,b.jpg
https://firebasestorage.googleapis.com/v0/b/labelbox-193903.appspot.com/o/cjhnk51rtqdvl07027euklbel%2F98446a0e-9200-4fec-a0ef-15b99253e600%2Fc.jpg?alt=media&token=88dd1e98-bd8f-4c28-80a1-824a4ab0af30,c.jpg
https://firebasestorage.googleapis.com/v0/b/labelbox-193903.appspot.com/o/cjhnk51rtqdvl07027euklbel%2F98446a0e-9200-4fec-a0ef-15b99253e600%2Fd.jpg?alt=media&token=9a87856e-3d3d-4012-8061-eaf06e5c752b,d.jpg
https://firebasestorage.googleapis.com/v0/b/labelbox-193903.appspot.com/o/cjhnk51rtqdvl07027euklbel%2F98446a0e-9200-4fec-a0ef-15b99253e600%2Fe.jpg?alt=media&token=c898b326-000b-491b-89f6-41177001c8f1,e.jpg
https://firebasestorage.googleapis.com/v0/b/labelbox-193903.appspot.com/o/cjhnk51rtqdvl07027euklbel%2F98446a0e-9200-4fec-a0ef-15b99253e600%2Ff.jpg?alt=media&token=bfcda91d-da85-41c6-b5ac-4a4897c28d69,f.jpg
https://firebasestorage.googleapis.com/v0/b/labelbox-193903.appspot.com/o/cjhnk51rtqdvl07027euklbel%2F98446a0e-9200-4fec-a0ef-15b99253e600%2Fg.jpg?alt=media&token=d7f6f888-eacd-4fc8-99b9-265767cc2e0e,g.jpg
https://firebasestorage.googleapis.com/v0/b/labelbox-193903.appspot.com/o/cjhnk51rtqdvl07027euklbel%2F98446a0e-9200-4fec-a0ef-15b99253e600%2Fh.jpg?alt=media&token=9e9a725a-14b1-47a2-be03-3fd143574e5c,h.jpg
https://firebasestorage.googleapis.com/v0/b/labelbox-193903.appspot.com/o/cjhnk51rtqdvl07027euklbel%2F98446a0e-9200-4fec-a0ef-15b99253e600%2Fi.jpg?alt=media&token=ca61277d-81fa-479b-88ac-6dfe910c940a,i.jpg
https://firebasestorage.googleapis.com/v0/b/labelbox-193903.appspot.com/o/cjhnk51rtqdvl07027euklbel%2F98446a0e-9200-4fec-a0ef-15b99253e600%2Fj.jpg?alt=media&token=e12d41d5-660c-430f-85fe-85abd59240ff,j.jpg
https://firebasestorage.googleapis.com/v0/b/labelbox-193903.appspot.com/o/cjhnk51rtqdvl07027euklbel%2F98446a0e-9200-4fec-a0ef-15b99253e600%2Fk.jpg?alt=media&token=9b1b2d4c-ecab-4125-a5be-94c81edb5250,k.jpg
https://firebasestorage.googleapis.com/v0/b/labelbox-193903.appspot.com/o/cjhnk51rtqdvl07027euklbel%2F98446a0e-9200-4fec-a0ef-15b99253e600%2Fl.jpg?alt=media&token=5bcd77fa-bbbd-436f-bb56-00fb37cf1cd5,l.jpg
https://firebasestorage.googleapis.com/v0/b/labelbox-193903.appspot.com/o/cjhnk51rtqdvl07027euklbel%2F98446a0e-9200-4fec-a0ef-15b99253e600%2Fm.jpg?alt=media&token=7cc073d2-7fb8-47c1-a6f8-f18bb8fa1e69,m.jpg
https://firebasestorage.googleapis.com/v0/b/labelbox-193903.appspot.com/o/cjhnk51rtqdvl07027euklbel%2F98446a0e-9200-4fec-a0ef-15b99253e600%2Fn.jpg?alt=media&token=f1dacf34-9f17-4399-9eca-3007888a7ecb,n.jpg
https://firebasestorage.googleapis.com/v0/b/labelbox-193903.appspot.com/o/cjhnk51rtqdvl07027euklbel%2F98446a0e-9200-4fec-a0ef-15b99253e600%2Fo.jpg?alt=media&token=5af7b904-5e66-420d-8d1b-515643cbaf92,o.jpg
https://firebasestorage.googleapis.com/v0/b/labelbox-193903.appspot.com/o/cjhnk51rtqdvl07027euklbel%2F98446a0e-9200-4fec-a0ef-15b99253e600%2Fp.jpg?alt=media&token=21c88bba-4336-414e-9614-d513e25f9101,p.jpg
https://firebasestorage.googleapis.com/v0/b/labelbox-193903.appspot.com/o/cjhnk51rtqdvl07027euklbel%2F98446a0e-9200-4fec-a0ef-15b99253e600%2Fq.jpg?alt=media&token=9fc19ce6-d95d-4a8c-ba6f-227b21cd7faf,q.jpg
https://firebasestorage.googleapis.com/v0/b/labelbox-193903.appspot.com/o/cjhnk51rtqdvl07027euklbel%2F98446a0e-9200-4fec-a0ef-15b99253e600%2Fr.jpg?alt=media&token=16c9539d-b0c8-46f9-8509-c21bdddaf48d,r.jpg
https://firebasestorage.googleapis.com/v0/b/labelbox-193903.appspot.com/o/cjhnk51rtqdvl07027euklbel%2F98446a0e-9200-4fec-a0ef-15b99253e600%2Fs.jpg?alt=media&token=98d8e80b-08d2-49c2-aa25-3b3f49ec8718,s.jpg
https://firebasestorage.googleapis.com/v0/b/labelbox-193903.appspot.com/o/cjhnk51rtqdvl07027euklbel%2F98446a0e-9200-4fec-a0ef-15b99253e600%2Ft.jpg?alt=media&token=487267cd-920f-486a-9a22-6c301d795032,t.jpg
https://firebasestorage.googleapis.com/v0/b/labelbox-193903.appspot.com/o/cjhnk51rtqdvl07027euklbel%2F98446a0e-9200-4fec-a0ef-15b99253e600%2Fu.jpg?alt=media&token=352a0b63-8509-40f6-82e8-f7ce7632919a,u.jpg
https://firebasestorage.googleapis.com/v0/b/labelbox-193903.appspot.com/o/cjhnk51rtqdvl07027euklbel%2F98446a0e-9200-4fec-a0ef-15b99253e600%2Fv.jpg?alt=media&token=47f7df6e-940c-40f3-8225-c0f3f7e897d8,v.jpg
https://firebasestorage.googleapis.com/v0/b/labelbox-193903.appspot.com/o/cjhnk51rtqdvl07027euklbel%2F98446a0e-9200-4fec-a0ef-15b99253e600%2Fw.jpg?alt=media&token=0d981acd-5c90-4b0b-9aeb-82022ba31f76,w.jpg
https://firebasestorage.googleapis.com/v0/b/labelbox-193903.appspot.com/o/cjhnk51rtqdvl07027euklbel%2F98446a0e-9200-4fec-a0ef-15b99253e600%2Fx.jpg?alt=media&token=7532e836-2aba-4be4-8add-e73c3ca10469,x.jpg
https://firebasestorage.googleapis.com/v0/b/labelbox-193903.appspot.com/o/cjhnk51rtqdvl07027euklbel%2F98446a0e-9200-4fec-a0ef-15b99253e600%2Fy.jpg?alt=media&token=cb1691d4-a82b-4064-8bce-2817be87fe10,y.jpg
https://firebasestorage.googleapis.com/v0/b/labelbox-193903.appspot.com/o/cjhnk51rtqdvl07027euklbel%2F98446a0e-9200-4fec-a0ef-15b99253e600%2Fz.jpg?alt=media&token=c58baedf-6be7-4431-96ef-77855df3629e,z.jpg
https://firebasestorage.googleapis.com/v0/b/labelbox-193903.appspot.com/o/cjhnk51rtqdvl07027euklbel%2F16340df0-654c-44f6-a565-febed0455a80%2Fa.jpg?alt=media&token=f9d98679-be77-4df3-ae0b-07220fd5f618,a.jpg
https://firebasestorage.googleapis.com/v0/b/labelbox-193903.appspot.com/o/cjhnk51rtqdvl07027euklbel%2F16340df0-654c-44f6-a565-febed0455a80%2Fb.jpg?alt=media&token=e7c44797-4103-48b5-a609-61285d1339de,b.jpg
https://firebasestorage.googleapis.com/v0/b/labelbox-193903.appspot.com/o/cjhnk51rtqdvl07027euklbel%2F16340df0-654c-44f6-a565-febed0455a80%2Fc.jpg?alt=media&token=8e743d50-8274-467e-85da-045a3b071376,c.jpg
https://firebasestorage.googleapis.com/v0/b/labelbox-193903.appspot.com/o/cjhnk51rtqdvl07027euklbel%2F16340df0-654c-44f6-a565-febed0455a80%2Fd.jpg?alt=media&token=0aa9c198-1308-4862-beb8-4c9157e78a72,d.jpg
https://firebasestorage.googleapis.com/v0/b/labelbox-193903.appspot.com/o/cjhnk51rtqdvl07027euklbel%2F16340df0-654c-44f6-a565-febed0455a80%2Fe.jpg?alt=media&token=a1f84578-ce32-492b-b295-1db987183be9,e.jpg
https://firebasestorage.googleapis.com/v0/b/labelbox-193903.appspot.com/o/cjhnk51rtqdvl07027euklbel%2F16340df0-654c-44f6-a565-febed0455a80%2Ff.jpg?alt=media&token=5d4a4f6b-62a6-42e5-86b4-c84e37ccc85c,f.jpg
https://firebasestorage.googleapis.com/v0/b/labelbox-193903.appspot.com/o/cjhnk51rtqdvl07027euklbel%2F16340df0-654c-44f6-a565-febed0455a80%2Fg.jpg?alt=media&token=487755f9-430c-4b77-b8b4-c3409aa5d2e1,g.jpg
https://firebasestorage.googleapis.com/v0/b/labelbox-193903.appspot.com/o/cjhnk51rtqdvl07027euklbel%2F16340df0-654c-44f6-a565-febed0455a80%2Fh.jpg?alt=media&token=2f0e902f-3515-48bb-ac6d-5591a09ece57,h.jpg
https://firebasestorage.googleapis.com/v0/b/labelbox-193903.appspot.com/o/cjhnk51rtqdvl07027euklbel%2F16340df0-654c-44f6-a565-febed0455a80%2Fi.jpg?alt=media&token=09100c7a-d3c2-4513-b67c-dd32431f4ed9,i.jpg
https://firebasestorage.googleapis.com/v0/b/labelbox-193903.appspot.com/o/cjhnk51rtqdvl07027euklbel%2F16340df0-654c-44f6-a565-febed0455a80%2Fj.jpg?alt=media&token=a74ee11d-049a-4835-b03d-9204b2661407,j.jpg
https://firebasestorage.googleapis.com/v0/b/labelbox-193903.appspot.com/o/cjhnk51rtqdvl07027euklbel%2F16340df0-654c-44f6-a565-febed0455a80%2Fk.jpg?alt=media&token=6ca760a3-9b78-4dad-b2bb-84208c5d9e23,k.jpg
https://firebasestorage.googleapis.com/v0/b/labelbox-193903.appspot.com/o/cjhnk51rtqdvl07027euklbel%2F16340df0-654c-44f6-a565-febed0455a80%2Fl.jpg?alt=media&token=de84e0fa-9d28-4139-8869-ee514dbb2e22,l.jpg
https://firebasestorage.googleapis.com/v0/b/labelbox-193903.appspot.com/o/cjhnk51rtqdvl07027euklbel%2F16340df0-654c-44f6-a565-febed0455a80%2Fm.jpg?alt=media&token=8de38ebe-3782-4285-9bf8-608f20d7054b,m.jpg
https://firebasestorage.googleapis.com/v0/b/labelbox-193903.appspot.com/o/cjhnk51rtqdvl07027euklbel%2F16340df0-654c-44f6-a565-febed0455a80%2Fn.jpg?alt=media&token=65ac40f4-e680-4255-b201-027fad2eaa6a,n.jpg
https://firebasestorage.googleapis.com/v0/b/labelbox-193903.appspot.com/o/cjhnk51rtqdvl07027euklbel%2F16340df0-654c-44f6-a565-febed0455a80%2Fo.jpg?alt=media&token=26228ba9-65b2-488d-ad6f-4298b7f7f9f5,o.jpg
https://firebasestorage.googleapis.com/v0/b/labelbox-193903.appspot.com/o/cjhnk51rtqdvl07027euklbel%2F16340df0-654c-44f6-a565-febed0455a80%2Fp.jpg?alt=media&token=9cce1a10-a79f-4c3e-aaee-6933002d871f,p.jpg
https://firebasestorage.googleapis.com/v0/b/labelbox-193903.appspot.com/o/cjhnk51rtqdvl07027euklbel%2F16340df0-654c-44f6-a565-febed0455a80%2Fq.jpg?alt=media&token=f4bb1085-0a01-421b-b76f-9a710452edd3,q.jpg
https://firebasestorage.googleapis.com/v0/b/labelbox-193903.appspot.com/o/cjhnk51rtqdvl07027euklbel%2F16340df0-654c-44f6-a565-febed0455a80%2Fr.jpg?alt=media&token=6d25638e-249c-47cc-9fbd-02bcbd9b91b1,r.jpg
https://firebasestorage.googleapis.com/v0/b/labelbox-193903.appspot.com/o/cjhnk51rtqdvl07027euklbel%2F16340df0-654c-44f6-a565-febed0455a80%2Fs.jpg?alt=media&token=823081f7-69fb-4e25-a773-3a528fdecdda,s.jpg
https://firebasestorage.googleapis.com/v0/b/labelbox-193903.appspot.com/o/cjhnk51rtqdvl07027euklbel%2F16340df0-654c-44f6-a565-febed0455a80%2Ft.jpg?alt=media&token=f349e8b1-eead-40a2-826a-d22248b82ab7,t.jpg
https://firebasestorage.googleapis.com/v0/b/labelbox-193903.appspot.com/o/cjhnk51rtqdvl07027euklbel%2F16340df0-654c-44f6-a565-febed0455a80%2Fu.jpg?alt=media&token=f9704f76-f3c1-4ec0-ac67-ef559ab59fa6,u.jpg
https://firebasestorage.googleapis.com/v0/b/labelbox-193903.appspot.com/o/cjhnk51rtqdvl07027euklbel%2F16340df0-654c-44f6-a565-febed0455a80%2Fv.jpg?alt=media&token=3462e1ae-b282-493d-86e2-b4241739b882,v.jpg
https://firebasestorage.googleapis.com/v0/b/labelbox-193903.appspot.com/o/cjhnk51rtqdvl07027euklbel%2F16340df0-654c-44f6-a565-febed0455a80%2Fw.jpg?alt=media&token=ddca1ef0-5e00-45da-b5dc-e8cb210e17ad,w.jpg
https://firebasestorage.googleapis.com/v0/b/labelbox-193903.appspot.com/o/cjhnk51rtqdvl07027euklbel%2F16340df0-654c-44f6-a565-febed0455a80%2Fx.jpg?alt=media&token=eba916e5-2ef9-4433-b3af-07552a811400,x.jpg
https://firebasestorage.googleapis.com/v0/b/labelbox-193903.appspot.com/o/cjhnk51rtqdvl07027euklbel%2F16340df0-654c-44f6-a565-febed0455a80%2Fy.jpg?alt=media&token=0d3bf1ab-41c7-44ea-8bc1-0efe3b4f5b54,y.jpg
https://firebasestorage.googleapis.com/v0/b/labelbox-193903.appspot.com/o/cjhnk51rtqdvl07027euklbel%2F16340df0-654c-44f6-a565-febed0455a80%2Fz.jpg?alt=media&token=40ce13de-9ac3-4bbf-b394-cff84f08e5d2,z.jpg
https://firebasestorage.googleapis.com/v0/b/labelbox-193903.appspot.com/o/cjhnk51rtqdvl07027euklbel%2F1b0df929-0c24-4637-94c8-3c3569898743%2Fa.jpg?alt=media&token=dfb5734a-8b5c-4ae8-80a4-1b629a7be0e4,a.jpg
https://firebasestorage.googleapis.com/v0/b/labelbox-193903.appspot.com/o/cjhnk51rtqdvl07027euklbel%2F1b0df929-0c24-4637-94c8-3c3569898743%2Fb.jpg?alt=media&token=31e88acc-4fce-4af9-969d-2e180dae9950,b.jpg
https://firebasestorage.googleapis.com/v0/b/labelbox-193903.appspot.com/o/cjhnk51rtqdvl07027euklbel%2F1b0df929-0c24-4637-94c8-3c3569898743%2Fc.jpg?alt=media&token=b17adca3-7998-4ae6-a71b-eff872489058,c.jpg
https://firebasestorage.googleapis.com/v0/b/labelbox-193903.appspot.com/o/cjhnk51rtqdvl07027euklbel%2F1b0df929-0c24-4637-94c8-3c3569898743%2Fd.jpg?alt=media&token=49aab1cc-a067-43f3-a8ba-38c1cbc2f25d,d.jpg
https://firebasestorage.googleapis.com/v0/b/labelbox-193903.appspot.com/o/cjhnk51rtqdvl07027euklbel%2F1b0df929-0c24-4637-94c8-3c3569898743%2Fe.jpg?alt=media&token=dff52719-2677-4b3f-855c-f60caeb912b3,e.jpg
https://firebasestorage.googleapis.com/v0/b/labelbox-193903.appspot.com/o/cjhnk51rtqdvl07027euklbel%2F1b0df929-0c24-4637-94c8-3c3569898743%2Ff.jpg?alt=media&token=f731ee93-162e-4265-9eea-cc69ce96712c,f.jpg
https://firebasestorage.googleapis.com/v0/b/labelbox-193903.appspot.com/o/cjhnk51rtqdvl07027euklbel%2F1b0df929-0c24-4637-94c8-3c3569898743%2Fg.jpg?alt=media&token=052970ba-31e6-4ff9-9b15-adead040898b,g.jpg
https://firebasestorage.googleapis.com/v0/b/labelbox-193903.appspot.com/o/cjhnk51rtqdvl07027euklbel%2F1b0df929-0c24-4637-94c8-3c3569898743%2Fh.jpg?alt=media&token=4f440897-cfcf-451e-8625-a427765912b3,h.jpg
https://firebasestorage.googleapis.com/v0/b/labelbox-193903.appspot.com/o/cjhnk51rtqdvl07027euklbel%2F1b0df929-0c24-4637-94c8-3c3569898743%2Fi.jpg?alt=media&token=50becea4-2cbd-4e49-9a83-7faf318c7a93,i.jpg
https://firebasestorage.googleapis.com/v0/b/labelbox-193903.appspot.com/o/cjhnk51rtqdvl07027euklbel%2F1b0df929-0c24-4637-94c8-3c3569898743%2Fj.jpg?alt=media&token=432ad89e-3efc-4980-a682-25c477615a3a,j.jpg
https://firebasestorage.googleapis.com/v0/b/labelbox-193903.appspot.com/o/cjhnk51rtqdvl07027euklbel%2F1b0df929-0c24-4637-94c8-3c3569898743%2Fk.jpg?alt=media&token=ba57f3e9-a2c9-4aee-8e40-9abea3bc47d4,k.jpg
https://firebasestorage.googleapis.com/v0/b/labelbox-193903.appspot.com/o/cjhnk51rtqdvl07027euklbel%2F1b0df929-0c24-4637-94c8-3c3569898743%2Fl.jpg?alt=media&token=44b7feed-c3be-4033-82ca-1c9e221877c1,l.jpg
https://firebasestorage.googleapis.com/v0/b/labelbox-193903.appspot.com/o/cjhnk51rtqdvl07027euklbel%2F1b0df929-0c24-4637-94c8-3c3569898743%2Fm.jpg?alt=media&token=a4519645-0b76-4f04-aa2f-395df1971b32,m.jpg
https://firebasestorage.googleapis.com/v0/b/labelbox-193903.appspot.com/o/cjhnk51rtqdvl07027euklbel%2F1b0df929-0c24-4637-94c8-3c3569898743%2Fn.jpg?alt=media&token=9a378b99-6c00-4b6c-8f67-f436ad02bee2,n.jpg
https://firebasestorage.googleapis.com/v0/b/labelbox-193903.appspot.com/o/cjhnk51rtqdvl07027euklbel%2F1b0df929-0c24-4637-94c8-3c3569898743%2Fo.jpg?alt=media&token=5c119c77-4e0f-452c-b35f-e163352e8b23,o.jpg
https://firebasestorage.googleapis.com/v0/b/labelbox-193903.appspot.com/o/cjhnk51rtqdvl07027euklbel%2F1b0df929-0c24-4637-94c8-3c3569898743%2Fp.jpg?alt=media&token=c4c5adc4-bb55-4b25-8b15-1436a2c4dc6c,p.jpg
https://firebasestorage.googleapis.com/v0/b/labelbox-193903.appspot.com/o/cjhnk51rtqdvl07027euklbel%2F1b0df929-0c24-4637-94c8-3c3569898743%2Fq.jpg?alt=media&token=bbdccf7f-ac20-4818-ac41-d8c8476cdcc4,q.jpg
https://firebasestorage.googleapis.com/v0/b/labelbox-193903.appspot.com/o/cjhnk51rtqdvl07027euklbel%2F1b0df929-0c24-4637-94c8-3c3569898743%2Fr.jpg?alt=media&token=71ea9def-09bc-482b-97e5-f5eacd68ac40,r.jpg
https://firebasestorage.googleapis.com/v0/b/labelbox-193903.appspot.com/o/cjhnk51rtqdvl07027euklbel%2F1b0df929-0c24-4637-94c8-3c3569898743%2Fs.jpg?alt=media&token=a2870427-e9af-4e72-9933-4eae429184a0,s.jpg
https://firebasestorage.googleapis.com/v0/b/labelbox-193903.appspot.com/o/cjhnk51rtqdvl07027euklbel%2F1b0df929-0c24-4637-94c8-3c3569898743%2Ft.jpg?alt=media&token=6e139f10-b4a3-4c46-bf78-d10ac28ea831,t.jpg
https://firebasestorage.googleapis.com/v0/b/labelbox-193903.appspot.com/o/cjhnk51rtqdvl07027euklbel%2F1b0df929-0c24-4637-94c8-3c3569898743%2Fu.jpg?alt=media&token=436b0f49-c4d0-41df-8841-f92e49257df9,u.jpg
https://firebasestorage.googleapis.com/v0/b/labelbox-193903.appspot.com/o/cjhnk51rtqdvl07027euklbel%2F1b0df929-0c24-4637-94c8-3c3569898743%2Fv.jpg?alt=media&token=fd94aecf-ad98-4ae7-b2c5-c04daa429df8,v.jpg
https://firebasestorage.googleapis.com/v0/b/labelbox-193903.appspot.com/o/cjhnk51rtqdvl07027euklbel%2F1b0df929-0c24-4637-94c8-3c3569898743%2Fw.jpg?alt=media&token=1f0a15b3-9092-4355-bbf8-5385529d73f6,w.jpg
https://firebasestorage.googleapis.com/v0/b/labelbox-193903.appspot.com/o/cjhnk51rtqdvl07027euklbel%2F1b0df929-0c24-4637-94c8-3c3569898743%2Fx.jpg?alt=media&token=edeacc91-4410-42b7-9fea-a2e3747b3c28,x.jpg
https://firebasestorage.googleapis.com/v0/b/labelbox-193903.appspot.com/o/cjhnk51rtqdvl07027euklbel%2F1b0df929-0c24-4637-94c8-3c3569898743%2Fy.jpg?alt=media&token=b89de463-837a-4530-a713-0a10070503d2,y.jpg
https://firebasestorage.googleapis.com/v0/b/labelbox-193903.appspot.com/o/cjhnk51rtqdvl07027euklbel%2F1b0df929-0c24-4637-94c8-3c3569898743%2Fz.jpg?alt=media&token=ded91096-e78e-420a-a201-3ed09c179aa6,z.jpg